Year,Month,Total_CO2_Emissions,Transportarion Petroleum Consumption,Total Fossil Fuels Production,Total Renewable Energy Production,Commercial_Consumption,Industrial_Consumption,Residential_Consumption
1973,1,1031.9180000000001,39.516,4.932632,0.219839,1035.189,2602.097,1891.117
1973,2,940.4199999999998,44.143,4.729582,0.19733,963.27,2367.386,1654.718
1973,3,926.2090000000001,42.419,4.946902,0.218686,841.08,2486.479,1449.521
1973,4,841.5360000000001,42.567,4.716271,0.20933,693.905,2465.953,1129.6
1973,5,862.351,50.71,4.956995,0.215982,649.989,2670.408,953.556
1973,6,841.438,44.967,4.716096,0.208249,641.174,2587.566,861.449
1973,7,872.6519999999999,38.774,4.748276,0.2078,650.257,2647.581,905.935
1973,8,908.028,61.71,5.041997,0.203432,664.332,2784.523,940.738
1973,9,845.9140000000001,44.133,4.731504,0.1853,617.152,2633.821,894.129
1973,10,892.251,50.806,4.998321,0.193514,658.032,2869.715,936.695
1973,11,932.285,45.367,4.810504,0.195326,763.772,2869.243,1158.119
1973,12,977.0,38.129,4.880197,0.220755,871.81,2813.096,1476.392
1974,1,976.321,40.806,4.961042,0.23101,990.719,2493.898,1771.91
1974,2,886.5999999999999,31.071,4.569843,0.210188,864.274,2395.58,1523.829
1974,3,895.473,53.387,4.881263,0.226384,817.081,2489.743,1384.953
1974,4,826.5319999999999,42.533,4.775157,0.223218,704.949,2339.311,1151.224
1974,5,834.254,42.742,4.966595,0.227793,636.952,2527.308,942.739
1974,6,809.768,50.367,4.557055,0.218976,603.51,2466.365,855.001
1974,7,867.8240000000001,44.29,4.716243,0.221909,651.9,2634.469,926.934
1974,8,869.797,59.194,4.736135,0.214197,642.149,2689.381,905.313
1974,9,814.0409999999999,44.7,4.614156,0.2009,603.008,2648.082,849.498
1974,10,879.709,51.452,4.900053,0.200312,668.341,2850.655,948.252
1974,11,886.0780000000001,39.067,4.181238,0.200068,734.621,2734.756,1101.091
1974,12,971.666,32.161,4.435595,0.211046,928.87,2601.433,1571.205
1975,1,999.3530000000001,31.548,4.731639,0.214319,947.076,2670.574,1714.392
1975,2,875.663,37.357,4.381549,0.198008,879.445,2179.206,1579.826
1975,3,897.261,33.452,4.643579,0.224384,843.69,2334.004,1491.703
1975,4,819.482,39.2,4.533965,0.215679,775.898,2012.192,1313.991
1975,5,779.8009999999999,36,4.644549,0.223695,645.954,2140.706,966.271
1975,6,783.1159999999999,40.433,4.553746,0.217798,632.731,2218.804,861.296
1975,7,821.524,46.548,4.396385,0.216202,662.765,2343.665,917.352
1975,8,839.4499999999999,43.548,4.518846,0.206312,670.384,2414.752,932.427
1975,9,786.789,45.5,4.486607,0.194934,615.28,2381.367,859.993
1975,10,833.5360000000001,43.516,4.700282,0.206489,646.469,2636.097,892.863
1975,11,826.309,35.7,4.461868,0.208436,691.18,2520.553,1017.314
1975,12,979.6229999999998,29.774,4.643518,0.217911,915.528,2668.259,1552.391
1976,1,1038.3670000000002,27.839,4.59452,0.236073,1073.401,2570.708,1943.925
1976,2,904.3870000000001,28.862,4.416439,0.221374,927.98,2242.032,1626.369
1976,3,912.29,33.903,4.753379,0.237807,843.839,2364.179,1388.038
1976,4,842.859,37,4.543052,0.224756,709.814,2278.419,1112.625
1976,5,829.8299999999999,35.097,4.622377,0.234082,667.623,2430.426,949.961
1976,6,841.0139999999999,49.967,4.575462,0.229595,674.026,2461.827,894.095
1976,7,875.079,39.226,4.313708,0.235984,693.022,2566.144,927.179
1976,8,871.644,47.452,4.487455,0.228336,688.663,2576.463,923.88
1976,9,830.192,38.4,4.530889,0.211665,644.338,2508.516,859.374
1976,10,891.2829999999999,36.613,4.600868,0.218818,692.267,2843.586,956.327
1976,11,969.4069999999999,34.167,4.547319,0.209968,861.64,2783.747,1338.986
1976,12,1096.5100000000002,29.516,4.698756,0.216239,1057.732,2894.444,1835.206
1977,1,1127.9489999999998,25.516,4.316486,0.228907,1190.03,2699.434,2224.367
1977,2,962.5770000000002,32.964,4.252271,0.194523,991.909,2180.091,1843.896
1977,3,942.0850000000002,37.484,4.888075,0.225781,844.39,2523.448,1406.768
1977,4,856.7560000000001,36.733,4.597192,0.216602,718.253,2399.889,1090.556
1977,5,868.066,37.129,4.72232,0.221823,698.282,2617.064,929.992
1977,6,890.175,49.7,4.645165,0.211752,706.586,2663.346,914.475
1977,7,930.1350000000001,52.323,4.417123,0.215097,751.111,2627.076,1023.469
1977,8,933.182,45.194,4.607554,0.214871,737.697,2717.696,1003.722
1977,9,889.7520000000001,44.333,4.803085,0.208974,688.306,2703.507,918.69
1977,10,903.28,34.452,4.8703,0.216727,703.265,2800.572,974.507
1977,11,926.2319999999999,35.167,4.821366,0.222663,771.162,2780.632,1134.279
1977,12,1055.8300000000002,26.968,4.12168,0.235754,994.118,2850.453,1675.291
1978,1,1087.2169999999999,28.452,3.91598,0.260677,1088.4,2835.867,1961.523
1978,2,990.9860000000001,31.714,3.676065,0.233933,1044.001,2372.756,1891.849
1978,3,972.7040000000001,40.387,4.352372,0.258863,965.166,2403.811,1650.748
1978,4,871.442,36.733,4.705855,0.255285,731.532,2433.936,1155.053
1978,5,897.2610000000001,41.806,4.959267,0.272691,712.625,2626.038,1013.519
1978,6,887.6270000000001,43.067,4.7963,0.254703,714.696,2579.519,936.414
1978,7,922.3699999999999,43.903,4.632517,0.258056,745.281,2685.023,1013.764
1978,8,953.9150000000001,50.774,4.841779,0.250652,762.974,2725.321,1047.183
1978,9,889.0350000000001,44.2,4.564316,0.241494,705.608,2609.815,966.146
1978,10,918.2740000000001,42.548,4.959112,0.241095,725.742,2830.186,997.968
1978,11,951.4570000000001,30.7,4.85622,0.237214,802.52,2834.385,1184.009
1978,12,1065.4579999999999,30.387,4.770957,0.250285,995.862,2895.999,1654.607
1979,1,1146.43,24.387,4.742426,0.27,1175.468,2953.217,2042.559
1979,2,1048.584,27.571,4.408445,0.239377,1113.396,2519.267,1951.588
1979,3,1006.254,36.742,4.952546,0.273485,950.382,2629.054,1553.249
1979,4,893.325,34.633,4.770662,0.265526,784.394,2485.868,1187.361
1979,5,910.213,39.258,4.977269,0.283727,712.104,2725.539,965.688
1979,6,899.991,24.833,4.847761,0.264118,701.981,2693.37,893.954
1979,7,928.098,63.258,4.524046,0.262394,735.793,2743.719,972.099
1979,8,954.7740000000001,51.516,4.98963,0.257423,745.889,2826.359,1021.03
1979,9,880.3539999999999,46.7,4.717572,0.243468,689.634,2680.967,917.36
1979,10,938.463,37.097,5.178934,0.253559,740.249,2955.318,966.925
1979,11,953.445,41.567,4.94752,0.255317,814.825,2896.467,1161.293
1979,12,1051.331,29.194,4.89564,0.262637,969.334,2941.369,1533.096
1980,1,1084.814,27.032,5.11377,0.298221,1057.345,2872.711,1772.975
1980,2,1025.471,36.931,4.804588,0.271194,1024.555,2579.423,1738.722
1980,3,1001.706,32.29,5.14794,0.294931,944.37,2661.541,1555.382
1980,4,875.735,31.267,4.909243,0.293043,752.978,2397.278,1153.893
1980,5,854.308,37.097,5.010862,0.310682,694.792,2508.246,948.438
1980,6,855.181,39.367,4.833075,0.299633,710.637,2442.518,931.66
1980,7,923.0250000000001,38.097,4.687391,0.295537,772.005,2448.814,1088.167
1980,8,913.1170000000001,40.452,4.782434,0.281831,763.606,2443.506,1102.152
1980,9,876.488,40.433,4.775533,0.268204,718.014,2539.226,981.925
1980,10,904.1410000000001,39.839,4.962184,0.273058,748.523,2761.107,997.641
1980,11,924.3970000000002,31.167,4.828384,0.270913,841.873,2703.785,1190.091
1980,12,1057.748,24.194,5.124584,0.288131,1030.412,2840.198,1626.066
1981,1,1103.6499999999999,24.945,4.933286,0.299483,1148.453,2647.476,1970.265
1981,2,934.317,23.845,4.710872,0.273604,962.309,2221.401,1637.84
1981,3,949.5110000000001,34.047,5.201903,0.293454,890.501,2525.246,1400.322
1981,4,847.9000000000001,35.246,4.135199,0.286764,738.379,2332.316,1060.71
1981,5,854.246,28.019,4.245212,0.305297,718.584,2484.503,939.671
1981,6,882.4449999999999,38.655,4.672515,0.30586,749.828,2460.845,939.883
1981,7,932.557,38.647,5.007101,0.308821,781.052,2519.771,1049.822
1981,8,909.319,38.117,5.177108,0.296678,773.776,2524.873,1020.358
1981,9,859.393,23.541,5.06372,0.27672,722.649,2476.366,897.295
1981,10,897.153,32.828,5.254067,0.284684,779.197,2611.16,1005.868
1981,11,887.301,23.538,4.954065,0.280364,824.148,2476.453,1143.168
1981,12,1015.582,24.355,5.132915,0.304193,1009.201,2637.943,1561.419
1982,1,1071.196,23.289,4.918393,0.320311,1163.455,2536.712,1982.409
1982,2,929.278,19.01,4.728817,0.297475,1007.416,2096.316,1685.886
1982,3,927.6219999999998,24.82,5.267363,0.330131,943.222,2289.789,1467.209
1982,4,857.71,25.735,4.87061,0.316183,824.046,2139.572,1230.225
1982,5,809.399,25.532,4.856617,0.323939,723.439,2131.092,938.139
1982,6,805.923,34.251,4.760056,0.316816,715.026,2157.869,896.05
1982,7,865.606,28.6,4.590146,0.321854,782.347,2218.421,1020.983
1982,8,866.6070000000001,35.443,4.8292,0.310059,778.866,2245.319,1024.791
1982,9,810.0849999999998,31.472,4.613666,0.289054,757.449,2137.801,959.883
1982,10,824.54,23.799,4.764703,0.296056,749.942,2308.253,956.189
1982,11,854.7209999999999,13.868,4.580885,0.300864,811.474,2290.681,1118.234
1982,12,920.895,19.624,4.635404,0.323054,962.288,2194.356,1477.087
1983,1,973.271,5.98,4.702314,0.348969,1111.291,2217.522,1854.062
1983,2,851.8250000000002,30.594,4.289048,0.320213,937.526,2035.05,1517.589
1983,3,902.2000000000002,19.904,4.665589,0.352422,928.583,2180.534,1425.338
1983,4,823.9820000000001,26.218,4.434922,0.343331,814.128,2093.672,1206.705
1983,5,806.956,23.226,4.490949,0.35533,719.424,2170.867,959.659
1983,6,821.1430000000001,34.545,4.370639,0.346012,731.461,2180.852,897.322
1983,7,895.542,30.985,4.325726,0.345359,814.02,2241.16,1052.331
1983,8,932.226,32.023,4.710642,0.338025,837.61,2299.767,1128.565
1983,9,849.323,33.085,4.546845,0.315758,753.467,2195.853,982.724
1983,10,838.356,30.011,4.699021,0.320524,755.273,2251.798,922.814
1983,11,863.419,24.163,4.57485,0.325785,816.312,2279.21,1078.321
1983,12,1004.24,20.669,4.557628,0.357437,1026.807,2335.232,1561.022
1984,1,1091.993,13.889,4.974302,0.355607,1205.088,2549.106,2061.56
1984,2,933.481,22.329,4.770232,0.333238,1000.421,2330.706,1612.031
1984,3,974.947,14.337,5.060365,0.358566,997.236,2467.26,1527.338
1984,4,883.5260000000001,26.167,4.813677,0.348756,843.479,2365.474,1224.728
1984,5,875.2,35.407,5.066725,0.363212,788.724,2425.591,1032.965
1984,6,886.9769999999999,31.213,4.841043,0.344623,793.797,2379.703,976.063
1984,7,913.959,24.375,4.924416,0.348366,834.044,2387.21,1050.764
1984,8,947.563,33.96,5.242373,0.340669,857.733,2459.815,1091.083
1984,9,847.8990000000001,22.919,4.889833,0.317887,786.23,2263.612,967.132
1984,10,880.2969999999999,19.817,4.800286,0.326373,799.812,2384.218,953.951
1984,11,898.0999999999998,24.1,4.636625,0.323172,869.216,2303.728,1144.382
1984,12,959.621,16.696,4.789315,0.343652,1000.276,2323.544,1525.61
1985,1,1061.8700000000001,21.613,4.868823,0.353933,1134.724,2492.324,1899.982
1985,2,973.0980000000001,19.857,4.573561,0.323067,1078.079,2252.32,1856.547
1985,3,938.776,25.806,4.985737,0.344083,944.407,2313.598,1461.822
1985,4,877.39,31.306,4.80526,0.334259,817.414,2279.855,1149.64
1985,5,873.454,28.452,4.906735,0.349644,777.708,2352.601,950.605
1985,6,866.219,28.391,4.670048,0.332457,785.077,2290.758,968.426
1985,7,925.0520000000001,34.613,4.656111,0.332393,862.929,2363.151,1081.567
1985,8,937.404,35.065,4.85715,0.328026,861.141,2382.871,1092.222
1985,9,848.1519999999999,29.333,4.673938,0.315367,795.772,2223.814,1004.912
1985,10,881.079,26.903,4.929382,0.327776,812.72,2350.295,1000.06
1985,11,881.926,19.8,4.63135,0.330222,862.705,2254.277,1133.054
1985,12,1048.0320000000002,25.871,4.943628,0.346947,1116.923,2438.223,1746.179
1986,1,1069.273,20.194,5.143178,0.326552,1166.328,2476.363,1937.14
1986,2,946.387,21,4.634737,0.307952,1037.553,2267.22,1637.462
1986,3,961.676,28.452,4.965916,0.349995,959.744,2390.151,1476.831
1986,4,863.705,33.1,4.664471,0.338487,813.513,2259.628,1119.024
1986,5,873.241,35,4.70561,0.345587,801.318,2341.659,991.394
1986,6,890.6389999999999,35.467,4.537852,0.334442,839.944,2260.493,986.445
1986,7,963.1139999999999,35.613,4.536041,0.335334,913.159,2262.03,1172.636
1986,8,927.547,38.323,4.667907,0.325501,863.695,2249.783,1118.474
1986,9,854.853,62.2,4.511383,0.316539,817.453,2187.74,985.628
1986,10,873.649,27.968,4.768518,0.325125,818.424,2252.485,1019.341
1986,11,885.2309999999999,22.967,4.591745,0.323172,884.94,2190.927,1179.989
1986,12,1007.5160000000001,23.258,4.811648,0.341787,1055.953,2316.24,1619.566
1987,1,1063.46,19.484,4.931783,0.33489,1155.599,2527.446,1880.401
1987,2,949.74,21.643,4.528326,0.296606,1043.115,2272.801,1640.142
1987,3,956.687,25.71,4.875851,0.327541,1006.505,2309.58,1507.647
1987,4,899.1,27,4.617703,0.315231,865.736,2308.712,1197.931
1987,5,899.417,30.129,4.619925,0.330797,845.274,2330.242,1018.098
1987,6,936.144,29.2,4.635733,0.311957,875.439,2387.006,1048.179
1987,7,1003.5000000000001,29.032,4.543756,0.317495,940.668,2454.536,1197.566
1987,8,988.34,30.194,4.798734,0.311395,919.702,2416.29,1206.732
1987,9,899.6569999999999,24.733,4.721206,0.30209,848.104,2346.917,1019.455
1987,10,927.001,25.065,4.997007,0.309095,880.523,2432.13,1061.47
1987,11,922.87,18.367,4.846465,0.297439,923.366,2358.263,1208.918
1987,12,1051.458,16.387,5.014152,0.319908,1091.6,2525.474,1647.184
1988,1,1124.644,23.226,4.950223,0.334583,1243.413,2489.051,2091.76
1988,2,1044.848,21.931,4.752379,0.307533,1142.862,2433.576,1823.131
1988,3,1035.424,25.871,5.086477,0.326015,1067.166,2577.174,1589.603
1988,4,920.141,24.5,4.695146,0.316232,910.635,2340.257,1220.616
1988,5,915.479,33.419,4.744347,0.331539,875.869,2460.277,1056.882
1988,6,960.3519999999999,32.367,4.660775,0.315603,928.972,2486.451,1066.184
1988,7,1013.5600000000001,33.258,4.550257,0.317391,1004.433,2496.372,1253.16
1988,8,1056.661,28.419,4.994209,0.315766,1026.208,2624.767,1312.705
1988,9,925.0379999999999,28.2,4.720908,0.3065,884.871,2452.085,1060.469
1988,10,960.2679999999999,25.29,4.865084,0.310737,913.763,2575.747,1096.169
1988,11,974.123,20.867,4.884987,0.313792,959.956,2499.091,1278.473
1988,12,1100.113,20.548,4.941064,0.326992,1131.918,2604.947,1728.747
1989,1,1100.5200000000002,22.935,4.999261,0.348321,1190.225,2542.594,1926.681
1989,2,1051.505,16.357,4.541252,0.317572,1153.1,2413.613,1814.358
1989,3,1083.049,25.387,5.054078,0.358115,1137.303,2583.571,1717.662
1989,4,959.0250000000001,30.333,4.706294,0.346511,956.953,2434.983,1282.814
1989,5,952.837,26.935,4.894828,0.350304,923.619,2510.38,1105.249
1989,6,976.4590000000001,25.533,4.649672,0.349753,950.599,2534.926,1098.392
1989,7,1008.136,29.032,4.433687,0.35172,1019.101,2543.179,1245.201
1989,8,1029.08,39.645,4.975478,0.35832,1028.242,2635.791,1250.222
1989,9,947.487,26.8,4.718105,0.341553,931.57,2488.653,1116.271
1989,10,977.269,21.355,4.921508,0.356682,946.316,2628.616,1127.347
1989,11,998.829,27.133,4.890853,0.359731,1021.931,2567.54,1338.589
1989,12,1199.291,17.774,4.662688,0.367555,1322.018,2671.249,2085.46
1990,1,1101.625,19.129,5.179279,0.329327,1220.968,2571.987,1967.736
1990,2,980.7520000000001,23.036,4.657415,0.321465,1087.633,2383.359,1593.825
1990,3,1030.394,25.161,5.088291,0.353956,1087.703,2582.68,1497.662
1990,4,965.089,22.733,4.765123,0.334136,980.945,2536.426,1236.987
1990,5,962.3059999999999,25.806,4.890589,0.317791,953.346,2589.212,1075.027
1990,6,985.8149999999998,31.067,4.715347,0.289276,1004.155,2564.502,1115.99
1990,7,1032.723,31.548,4.697539,0.315872,1071.009,2621.639,1253.586
1990,8,1068.25,31.097,4.997071,0.33258,1082.928,2764.79,1249.219
1990,9,971.968,24.2,4.686923,0.311965,989.595,2573.045,1152.166
1990,10,992.117,22.29,5.150339,0.312873,981.873,2677.091,1105.569
1990,11,969.943,19.867,4.927586,0.301883,1006.513,2525.211,1246.797
1990,12,1077.8990000000001,16.871,4.767685,0.341584,1188.412,2587.979,1707.137
1991,1,1139.177,15.742,5.071747,0.370278,1311.395,2659.785,2084.503
1991,2,963.0050000000001,18.286,4.680405,0.292511,1103.414,2289.44,1639.052
1991,3,1000.463,19.968,4.988368,0.317683,1095.077,2435.22,1544.592
1991,4,923.4200000000001,22.333,4.729014,0.293309,965.842,2377.044,1207.913
1991,5,949.995,25.129,4.763018,0.32012,985.028,2490.817,1106.455
1991,6,963.5459999999999,27.9,4.560109,0.313437,1005.061,2485.75,1147.19
1991,7,1029.545,31.129,4.691643,0.309257,1085.603,2608.718,1301.487
1991,8,1037.977,30.452,4.89135,0.340813,1066.52,2675.025,1261.824
1991,9,961.125,25.7,4.684678,0.345122,970.264,2625.744,1117.694
1991,10,985.475,21.29,5.059727,0.324454,990.713,2702.426,1114.33
1991,11,1008.696,17.667,4.824607,0.318757,1059.45,2599.365,1399.987
1991,12,1086.306,15.806,4.886484,0.35569,1198.744,2634.53,1754.181
1992,1,1124.187,15.839,5.064879,0.366577,1268.932,2701.242,2001.16
1992,2,1014.79,22.379,4.652962,0.305537,1138.025,2481.376,1727.663
1992,3,1050.126,21.774,4.904112,0.311299,1111.591,2634.643,1555.161
1992,4,978.808,19.533,4.74219,0.292073,1006.443,2534.95,1310.445
1992,5,959.3109999999998,24.903,4.759585,0.282361,959.748,2584.183,1086.723
1992,6,964.6229999999999,30.6,4.666411,0.323546,980.697,2652.104,1069.202
1992,7,1057.0440000000003,24.323,4.772195,0.333005,1074.516,2749.274,1257.223
1992,8,1024.576,28.774,4.768049,0.34751,1033.612,2729.383,1206.334
1992,9,974.6759999999999,24.167,4.709341,0.324027,994.663,2628.541,1118.72
1992,10,993.8939999999999,16.419,4.937301,0.340565,982.189,2731.521,1130.453
1992,11,1004.13,16.333,4.724958,0.345048,1059.014,2688.265,1368.248
1992,12,1130.2630000000001,21.677,4.912697,0.3602,1258.292,2716.737,1893.814
1993,1,1105.0870000000002,10.806,4.807679,0.373255,1279.699,2612.585,2044.008
1993,2,1044.9389999999999,11.571,4.417378,0.322185,1200.573,2512.611,1834.507
1993,3,1108.699,26.742,4.892433,0.359855,1203.989,2712.317,1786.754
1993,4,972.9100000000002,18.1,4.609189,0.330605,1011.139,2512.113,1321.601
1993,5,934.0650000000002,26.452,4.552242,0.313546,944.629,2508.511,1048.37
1993,6,988.657,23.767,4.60316,0.30445,1021.389,2615.504,1132.144
1993,7,1085.027,28.419,4.444029,0.309916,1117.063,2692.032,1382.212
1993,8,1091.4850000000001,30.774,4.592797,0.346577,1114.346,2740.061,1381.43
1993,9,995.0210000000001,26.7,4.587056,0.324882,987.252,2639.031,1168.589
1993,10,1011.316,14.065,4.767653,0.33148,993.502,2788.093,1138.739
1993,11,1045.546,21.6,4.69533,0.338485,1070.395,2751.479,1407.223
1993,12,1149.682,10.387,4.811324,0.352074,1237.625,2747.466,1859.471
1994,1,1224.124,19,4.725538,0.388854,1401.259,2847.343,2306.391
1994,2,1093.5600000000002,20.75,4.516633,0.323751,1248.182,2601.11,1949.75
1994,3,1081.5120000000002,18.774,5.139909,0.354509,1183.784,2693.503,1662.456
1994,4,989.4879999999999,27.233,4.807947,0.332955,1017.639,2605.077,1252.481
1994,5,982.016,9.677,4.809569,0.303865,990.512,2634.98,1107.632
1994,6,1052.4889999999998,37.167,4.767774,0.313708,1095.852,2727.48,1207.056
1994,7,1081.8049999999998,7.194,4.662735,0.366741,1129.069,2752.569,1359.836
1994,8,1091.4270000000001,29.548,5.033069,0.33354,1119.66,2833.207,1300.35
1994,9,991.759,21.3,4.800529,0.307933,1005.524,2728.759,1121.21
1994,10,1010.9850000000001,20.097,4.840115,0.343569,1018.988,2822.56,1120.784
1994,11,1002.515,21.533,4.868054,0.338304,1071.988,2720.03,1314.927
1994,12,1118.287,16.903,5.030171,0.348732,1229.2,2803.048,1759.907
1995,1,1144.0369999999998,19.032,4.95383,0.336872,1328.179,2741.502,2040.855
1995,2,1059.212,21.679,4.561374,0.29981,1230.973,2567.459,1821.65
1995,3,1077.306,22.097,5.021481,0.346752,1186.58,2715.137,1604.442
1995,4,986.5029999999999,19.267,4.646312,0.361046,1061.82,2665.048,1286.1
1995,5,999.3349999999999,26.29,4.808047,0.333643,1039.254,2749.642,1148.928
1995,6,1028.619,19.7,4.708923,0.342092,1066.15,2740.935,1170.02
1995,7,1111.7060000000001,27.516,4.68337,0.400977,1195.337,2837.514,1405.932
1995,8,1167.37,25.71,4.853799,0.399583,1225.656,2935.896,1506.465
1995,9,1027.9759999999999,31.333,4.766712,0.349815,1050.398,2762.584,1196.1
1995,10,1021.824,14.548,4.872342,0.384663,1066.995,2820.738,1132.361
1995,11,1065.394,15.467,4.826497,0.3662,1173.48,2754.198,1474.346
1995,12,1178.236,15.161,4.79371,0.373129,1362.021,2823.202,1970.096
1996,1,1226.4600000000003,13.774,4.791416,0.385971,1423.115,2841.756,2305.32
1996,2,1128.9899999999998,13.345,4.63798,0.343243,1310.335,2652.215,2010.823
1996,3,1133.462,24.968,4.978767,0.385026,1262.901,2836.155,1804.749
1996,4,1019.755,21.067,4.842086,0.325915,1093.2,2655.142,1385.275
1996,5,1045.873,21.742,4.911048,0.356221,1098.758,2812.159,1222.278
1996,6,1065.651,28.6,4.736299,0.375816,1111.226,2837.421,1253.981
1996,7,1129.9530000000002,20.548,4.893643,0.395278,1176.483,2873.511,1397.502
1996,8,1147.239,20.968,5.030173,0.39887,1189.579,2954.762,1377.976
1996,9,1036.741,22.5,4.795487,0.34792,1072.693,2767.062,1191.519
1996,10,1093.5339999999999,18.581,5.03176,0.400155,1094.318,3019.085,1191.035
1996,11,1115.717,20.567,4.802522,0.387043,1209.875,2869.45,1542.282
1996,12,1189.383,15.903,4.886476,0.378537,1347.587,2847.389,1946.419
1997,1,1244.2210000000002,13.645,5.006932,0.397124,1459.554,2903.447,2237.876
1997,2,1083.6440000000002,23.429,4.651357,0.342279,1264.175,2615.639,1818.161
1997,3,1115.25,19.323,5.034904,0.381623,1252.904,2800.974,1626.02
1997,4,1056.226,28.167,4.810734,0.374093,1122.487,2785.342,1322.749
1997,5,1056.0919999999999,25.806,5.057055,0.398347,1106.517,2846.654,1164.644
1997,6,1074.953,21.433,4.753058,0.362325,1158.491,2833.333,1174.559
1997,7,1191.184,23.516,4.901194,0.38254,1293.181,2941.84,1453.209
1997,8,1157.978,31.226,4.899501,0.370673,1238.781,2959.305,1393.781
1997,9,1087.2940000000003,19.833,4.906809,0.343197,1163.565,2843.947,1223.377
1997,10,1120.9069999999997,23.097,5.046643,0.402188,1169.759,2972.615,1234.516
1997,11,1114.834,14.067,4.699572,0.355868,1227.847,2827.038,1499.96
1997,12,1234.953,15.097,5.038524,0.355807,1407.847,2929.281,1959.432
1998,1,1220.5459999999998,9.484,5.202669,0.386269,1425.656,2853.734,2074.136
1998,2,1076.154,22.929,4.64164,0.323378,1252.342,2601.813,1715.72
1998,3,1151.1589999999999,18.613,5.132935,0.360492,1314.92,2811.54,1730.2
1998,4,1066.233,18.667,4.956706,0.348763,1140.829,2732.459,1302.595
1998,5,1093.8500000000001,19.065,5.005234,0.374487,1187.682,2852.425,1208.806
1998,6,1136.825,28.3,4.904914,0.309019,1240.677,2800.074,1347.395
1998,7,1228.785,21.806,4.915663,0.358537,1336.751,2930.697,1582.734
1998,8,1228.3780000000002,24.516,4.958031,0.35415,1335.55,2995.101,1530.025
1998,9,1125.6180000000002,18.5,4.778397,0.332989,1228.888,2828.244,1324.942
1998,10,1100.169,22.677,5.033568,0.345379,1172.977,2893.237,1230.509
1998,11,1071.641,17.267,4.797821,0.309809,1202.816,2764.288,1336.434
1998,12,1203.319,9.903,4.938343,0.370867,1376.254,2932.294,1790.382
1999,1,1259.538,26,4.867341,0.383582,1516.526,2800.867,2322.448
1999,2,1096.037,16.036,4.609765,0.328183,1341.246,2567.225,1786.944
1999,3,1177.336,18.548,5.018707,0.334062,1378.921,2773.405,1823.568
1999,4,1095.399,25.267,4.714329,0.355198,1214.092,2743.754,1391.77
1999,5,1094.982,15.323,4.694461,0.40137,1201.663,2808.696,1216.17
1999,6,1129.958,25.267,4.716691,0.353158,1259.357,2837.457,1317.213
1999,7,1241.259,25.935,4.763469,0.379433,1388.787,2919.431,1605.585
1999,8,1232.439,28.065,4.856081,0.360215,1345.065,3006.266,1579.215
1999,9,1104.815,22.667,4.764465,0.328356,1184.129,2881.295,1285.999
1999,10,1113.669,17.806,4.839475,0.308985,1195.531,2893.228,1227.165
1999,11,1082.0990000000002,17.733,4.808766,0.33765,1199.887,2813.22,1346.256
1999,12,1217.106,16.161,4.906244,0.332407,1390.791,2879.848,1871.232
2000,1,1279.96,15.871,4.780147,0.319978,1566.582,2809.797,2307.212
2000,2,1192.4509999999998,12.483,4.573548,0.334369,1437.921,2721.063,2008.2
2000,3,1175.9440000000002,21.032,5.071853,0.36604,1399.892,2846.097,1655.684
2000,4,1080.088,21.367,4.55188,0.36411,1245.918,2701.521,1368.038
2000,5,1152.5510000000002,21.613,4.797348,0.361267,1324.867,2950.592,1307.36
2000,6,1173.253,22.467,4.750776,0.326724,1324.163,2878.516,1395.023
2000,7,1216.334,24.129,4.705909,0.351077,1367.367,2845.303,1538.59
2000,8,1274.17,28.387,4.980585,0.343214,1438.284,3013.899,1594.348
2000,9,1143.4990000000003,18.4,4.720733,0.312937,1247.627,2797.878,1346.983
2000,10,1148.681,20.452,4.932901,0.341025,1235.107,2839.327,1276.087
2000,11,1157.338,16.7,4.757145,0.339223,1331.622,2743.589,1557.121
2000,12,1337.567,12.323,4.683747,0.333069,1585.175,2797.506,2376.015
2001,1,1337.4159999999997,17.677,4.947112,0.303197,1648.321,2744.89,2550.652
2001,2,1160.283,22.214,4.486667,0.272585,1419.687,2543.235,1998.068
2001,3,1219.351,16.097,5.075413,0.301844,1456.05,2752.111,1886.343
2001,4,1102.621,16.867,4.780893,0.288028,1261.88,2658.029,1419.044
2001,5,1120.126,24.129,4.985702,0.290338,1273.185,2722.669,1226.644
2001,6,1131.2759999999998,21.767,4.812772,0.298272,1330.962,2639.532,1339.932
2001,7,1227.241,23.355,4.829644,0.297654,1417.055,2693.801,1565.86
2001,8,1255.352,24.742,5.041467,0.304239,1446.97,2787.507,1630.05
2001,9,1096.802,14.733,4.74847,0.279069,1273.92,2586.656,1305.218
2001,10,1123.184,15.774,5.096975,0.292015,1294.123,2774.968,1283.681
2001,11,1089.845,16.833,4.870084,0.283668,1279.308,2635.524,1381.59
2001,12,1192.543,13.484,4.809547,0.302843,1471.422,2611.721,1871.839
2002,1,1248.7459999999999,15.355,5.040505,0.314861,1527.199,2682.897,2257.729
2002,2,1110.745,12.071,4.508688,0.279136,1377.587,2456.895,1881.958
2002,3,1190.717,16.419,4.80549,0.302856,1425.16,2666.007,1866.31
2002,4,1106.448,18.633,4.696089,0.309709,1287.375,2630.05,1449.053
2002,5,1119.6149999999998,16.484,4.847341,0.331378,1282.895,2711.755,1312.878
2002,6,1151.4759999999999,21.633,4.607591,0.326674,1322.949,2680.232,1421.236
2002,7,1253.944,26.677,4.713075,0.337792,1429.006,2807.834,1669.514
2002,8,1245.7199999999998,24.613,4.818161,0.311593,1408.801,2784.108,1645.509
2002,9,1144.211,18.767,4.620841,0.302858,1315.518,2631.694,1416.054
2002,10,1151.041,20.516,4.729941,0.315739,1349.7,2684.966,1374.754
2002,11,1162.2749999999999,15.1,4.614375,0.309716,1379.614,2653.432,1609.551
2002,12,1275.3290000000002,12.839,4.774614,0.328629,1567.601,2619.587,2178.225
2003,1,1336.9029999999998,7.903,4.809844,0.318956,1690.822,2693.128,2539.074
2003,2,1211.4400000000003,14.179,4.331875,0.291767,1503.777,2538.858,2225.165
2003,3,1207.3680000000002,17.806,4.786667,0.330201,1441.421,2618.944,1907.592
2003,4,1101.657,14.8,4.661307,0.327749,1261.226,2600.511,1432.416
2003,5,1105.368,17.871,4.732374,0.345099,1257.814,2615.162,1310.895
2003,6,1128.0069999999998,14.333,4.602254,0.341209,1275.34,2591.907,1341.492
2003,7,1239.063,20.645,4.640939,0.342647,1410.279,2738.139,1618.748
2003,8,1264.947,19.613,4.714532,0.333101,1416.672,2767.201,1644.141
2003,9,1134.7620000000002,25.633,4.644104,0.30847,1261.873,2616.39,1388.515
2003,10,1151.562,13.387,4.819384,0.313818,1288.072,2723.003,1314.001
2003,11,1151.7450000000001,17.8,4.497115,0.314096,1321.092,2639.698,1503.062
2003,12,1296.633,12.871,4.742188,0.347074,1532.798,2736.534,2164.804
2004,1,1351.0059999999999,13.452,4.768187,0.347154,1676.066,2706.303,2564.677
2004,2,1250.193,17.862,4.425521,0.321055,1543.206,2630.749,2232.955
2004,3,1207.491,14.387,4.814606,0.342168,1421.743,2718.652,1792.639
2004,4,1118.98,20.1,4.641249,0.334068,1283.542,2667.702,1406.319
2004,5,1165.695,14.194,4.61008,0.344066,1332.122,2788.225,1323.62
2004,6,1175.158,16.7,4.663308,0.346968,1324.84,2722.83,1431.25
2004,7,1252.1329999999998,21.323,4.7192,0.353034,1415.006,2803.817,1609.334
2004,8,1241.715,19.258,4.741681,0.344004,1393.233,2832.951,1565.648
2004,9,1158.86,20.9,4.518315,0.328252,1313.639,2700.788,1390.887
2004,10,1164.54,18.968,4.622894,0.332739,1312.01,2772.854,1336.172
2004,11,1178.183,12.067,4.599739,0.332106,1348.352,2729.539,1524.794
2004,12,1324.572,13.839,4.759239,0.367856,1616.8,2788.1,2194.855
2005,1,1336.1670000000001,28.742,4.703669,0.361269,1636.02,2729.271,2449.86
2005,2,1188.757,17.857,4.395181,0.333479,1442.22,2518.472,2033.718
2005,3,1256.1050000000002,16.548,4.964711,0.354763,1486.593,2739.25,1952.923
2005,4,1112.407,17.167,4.661086,0.342863,1266.299,2558.26,1408.73
2005,5,1146.229,17.097,4.681531,0.367186,1298.253,2704.356,1313.642
2005,6,1209.6139999999998,20.2,4.675718,0.362264,1401.062,2720.792,1502.207
2005,7,1287.816,21.29,4.622076,0.372396,1480.338,2686.589,1768.877
2005,8,1307.1710000000003,23.226,4.723162,0.356107,1496.555,2775.646,1775.609
2005,9,1179.6870000000001,23.067,4.229679,0.331447,1352.331,2515.103,1500.857
2005,10,1163.76,15.323,4.359133,0.339018,1322.548,2558.484,1380.304
2005,11,1161.1979999999999,14.367,4.451119,0.338541,1351.02,2605.763,1512.658
2005,12,1338.4099999999999,15.258,4.528238,0.360826,1628.797,2685.176,2285.935
2006,1,1256.206,8.548,4.693698,0.388583,1510.656,2636.36,2114.754
2006,2,1172.433,16.107,4.2315,0.348049,1449.425,2460.591,1957.013
2006,3,1229.84,21.677,4.769844,0.368883,1461.342,2649.609,1873.466
2006,4,1096.198,21.833,4.563702,0.36794,1257.998,2508.347,1387.388
2006,5,1144.596,21.645,4.762797,0.38689,1328.66,2665.629,1302.075
2006,6,1191.263,17.667,4.658733,0.383011,1383.465,2672.746,1469.094
2006,7,1291.9089999999999,20.097,4.675808,0.38134,1492.909,2678.89,1761.962
2006,8,1312.413,27.645,4.784173,0.370019,1496.686,2790.46,1756.191
2006,9,1151.602,18.3,4.579345,0.345317,1304.316,2646.08,1365.582
2006,10,1189.5,18.516,4.780906,0.35369,1365.347,2719.324,1353.45
2006,11,1167.449,12.9,4.631319,0.359164,1371.423,2638.564,1538.938
2006,12,1278.827,12.645,4.744882,0.376761,1528.44,2637.671,2008.034
2007,1,1315.091,16.419,4.766295,0.399004,1635.488,2709.948,2321.201
2007,2,1254.9650000000001,13.286,4.300942,0.343865,1580.577,2519.189,2330.804
2007,3,1222.482,13.742,4.78946,0.390167,1475.452,2627.455,1867.852
2007,4,1135.511,20.067,4.591832,0.383102,1338.43,2578.276,1454.471
2007,5,1158.769,17.355,4.811407,0.398044,1338.773,2687.791,1315.043
2007,6,1197.514,22.167,4.66717,0.382096,1404.039,2630.142,1455.316
2007,7,1266.767,17.29,4.680978,0.39345,1461.388,2669.981,1660.407
2007,8,1329.778,21.323,4.831601,0.386428,1558.383,2757.038,1800.535
2007,9,1185.6399999999999,16.567,4.581483,0.360587,1361.759,2597.877,1498.398
2007,10,1177.474,21.194,4.831938,0.374075,1374.37,2678.739,1347.181
2007,11,1172.88,15.367,4.743522,0.373327,1410.705,2617.65,1563.161
2007,12,1311.269,10.774,4.772485,0.39797,1629.953,2693.925,2203.267
2008,1,1347.7589999999998,13.065,4.859584,0.42786,1709.282,2739.232,2505.242
2008,2,1237.403,12.448,4.596865,0.388671,1598.155,2545.964,2225.238
2008,3,1221.333,15.516,4.88269,0.424851,1513.693,2616.805,1940.269
2008,4,1122.752,17.067,4.79135,0.421184,1338.794,2540.637,1461.115
2008,5,1128.3609999999999,19.065,4.867863,0.449522,1341.15,2634.98,1302.644
2008,6,1169.701,16.4,4.659152,0.444695,1426.479,2577.512,1511.844
2008,7,1246.305,15.806,4.975041,0.446062,1504.261,2625.948,1704.049
2008,8,1221.064,17.839,4.937988,0.431761,1454.019,2587.883,1637.259
2008,9,1095.7540000000001,15.767,4.40615,0.398411,1345.581,2352.704,1378.478
2008,10,1132.456,11.968,4.891401,0.412573,1367.317,2618.244,1325.418
2008,11,1129.4959999999999,14.9,4.738032,0.409976,1411.147,2463.348,1595.843
2008,12,1255.4470000000001,13.774,4.920737,0.428996,1640.593,2376.491,2311.479
2009,1,1291.1339999999998,13.419,4.894487,0.431011,1745.22,2406.605,2570.763
2009,2,1101.001,10.286,4.501076,0.386812,1475.177,2183.835,2062.147
2009,3,1110.45,13.968,4.911425,0.432104,1463.57,2296.968,1840.111
2009,4,1012.822,15.4,4.654185,0.431059,1292.796,2177.614,1429.307
2009,5,1011.0790000000001,12.645,4.699176,0.456231,1290.365,2240.72,1273.888
2009,6,1066.493,17.667,4.659088,0.455356,1365.078,2275.519,1417.254
2009,7,1123.024,18.677,4.796858,0.455962,1403.76,2312.892,1605.567
2009,8,1154.1470000000002,15.484,4.804587,0.449335,1440.213,2406.34,1618.076
2009,9,1037.052,18.533,4.646178,0.421927,1298.705,2325.074,1341.279
2009,10,1060.7309999999998,11.323,4.756574,0.45094,1315.561,2369.418,1344.157
2009,11,1042.934,9.8,4.592522,0.456527,1308.49,2339.223,1453.218
2009,12,1241.337,15.484,4.695395,0.481882,1648.154,2441.22,2260.964
2010,1,1278.8339999999998,9.71,4.715521,0.489844,1690.046,2436.378,2636.069
2010,2,1146.2759999999998,10.214,4.432809,0.44909,1528.334,2314.359,2207.698
2010,3,1135.7279999999998,14,5.007242,0.49956,1397.295,2512.249,1826.536
2010,4,1021.017,17.3,4.77354,0.482552,1234.187,2405.255,1287.226
2010,5,1073.703,14.968,4.776965,0.507544,1322.958,2505.4,1303.082
2010,6,1147.473,17.933,4.713787,0.51775,1405.779,2510.591,1545.824
2010,7,1227.2800000000002,19.516,4.867467,0.508593,1468.484,2540.96,1782.237
2010,8,1241.007,14.065,4.975638,0.497073,1479.394,2645.689,1760.129
2010,9,1099.94,20.4,4.912295,0.476105,1326.084,2520.206,1413.878
2010,10,1047.761,15.065,5.017727,0.489125,1296.391,2465.786,1266.847
2010,11,1080.749,11.067,4.903486,0.500488,1379.416,2475.909,1546.081
2010,12,1283.2949999999998,11.742,5.062813,0.524855,1689.036,2620.11,2418.621
2011,1,1285.68,11.387,4.977779,0.530909,1690.486,2585.006,2603.851
2011,2,1099.237,13.857,4.498148,0.490715,1464.681,2311.888,2088.537
2011,3,1119.9620000000002,17.677,5.160762,0.553169,1443.132,2576.281,1770.608
2011,4,1017.9079999999999,10.367,4.906942,0.538506,1246.662,2402.276,1356.728
2011,5,1047.393,18.129,4.996022,0.554011,1270.743,2469.342,1267.351
2011,6,1114.23,16.833,4.913867,0.553885,1355.776,2482.414,1478.833
2011,7,1208.6399999999999,18.516,4.937955,0.549374,1481.001,2551.936,1782.574
2011,8,1212.531,18.355,5.205101,0.534036,1471.853,2639.418,1734.653
2011,9,1065.5,12.667,5.051033,0.500175,1307.152,2479.923,1383.938
2011,10,1039.694,15.935,5.299419,0.517691,1321.199,2544.227,1270.136
2011,11,1048.2459999999999,11.767,5.235448,0.52871,1354.629,2547.099,1508.995
2011,12,1151.004,10.419,5.347022,0.552823,1542.949,2525.791,2049.266
2012,1,1149.186,12.29,5.406309,0.53903,1556.801,2574.639,2194.386
2012,2,1058.8100000000002,10.966,4.97344,0.494125,1417.694,2448.742,1847.786
2012,3,1005.809,14.032,5.210542,0.541241,1288.568,2476.116,1466.215
2012,4,942.9639999999999,14.133,4.920631,0.519625,1201.786,2394.534,1209.0
2012,5,1018.175,16.774,5.138538,0.546973,1285.607,2540.243,1250.238
2012,6,1063.573,13.1,4.993785,0.528767,1332.799,2496.367,1414.631
2012,7,1182.507,20.065,5.277106,0.520173,1457.415,2575.007,1740.775
2012,8,1164.332,13.355,5.347837,0.513269,1433.051,2610.881,1639.4
2012,9,1022.51,14.567,5.115761,0.475611,1289.866,2436.07,1330.8
2012,10,1033.899,14.29,5.375267,0.49152,1315.928,2576.649,1266.185
2012,11,1066.06,10.233,5.264784,0.489081,1364.64,2522.776,1565.717
2012,12,1125.146,9.065,5.273745,0.527555,1498.461,2568.556,1959.804
2013,1,1191.887,10.968,5.299677,0.542692,1613.4,2616.577,2351.341
2013,2,1066.46,8.107,4.871826,0.487697,1465.277,2373.949,2001.501
2013,3,1120.962,11.516,5.374476,0.541012,1477.172,2510.399,1925.297
2013,4,991.3090000000001,11.733,5.194105,0.551448,1251.976,2420.279,1393.334
2013,5,1011.953,14.935,5.394072,0.578378,1259.474,2562.446,1217.018
2013,6,1057.891,14.933,5.216223,0.563561,1321.562,2519.949,1370.082
2013,7,1153.858,16.129,5.501006,0.572289,1417.773,2631.396,1606.835
2013,8,1144.2569999999998,13.71,5.622166,0.54261,1421.847,2619.449,1552.935
2013,9,1055.0240000000001,10.567,5.405929,0.514219,1302.778,2563.126,1362.417
2013,10,1038.2959999999998,11.226,5.473711,0.543689,1310.305,2628.652,1269.17
2013,11,1077.551,14.467,5.396436,0.548475,1424.589,2635.67,1628.882
2013,12,1210.3819999999998,7.032,5.429896,0.574712,1629.265,2673.413,2311.523
2014,1,1292.0349999999999,9.613,5.577728,0.574074,1786.168,2694.643,2698.192
2014,2,1147.637,6.607,5.104065,0.507104,1564.387,2395.205,2265.15
2014,3,1136.22,11.871,5.776852,0.589448,1526.337,2519.387,1981.571
2014,4,988.1300000000001,11.567,5.670801,0.582906,1239.27,2475.631,1326.373
2014,5,1017.568,13.161,5.829644,0.589532,1286.529,2547.813,1246.412
2014,6,1061.121,11,5.646003,0.590551,1339.475,2528.293,1376.255
2014,7,1143.2109999999998,17.452,5.958684,0.588452,1405.449,2647.981,1548.91
2014,8,1146.877,13.71,6.04733,0.559856,1412.246,2672.458,1535.392
2014,9,1045.316,11.6,5.863906,0.530545,1315.193,2572.341,1356.758
2014,10,1034.222,11.323,6.092614,0.557212,1313.96,2631.173,1259.078
2014,11,1077.934,10.567,5.866641,0.56944,1451.888,2593.346,1686.446
2014,12,1147.2310000000002,12.258,6.164924,0.593582,1546.775,2635.501,2069.13
2015,1,1215.3740000000003,7.968,6.103839,0.580459,1724.194,2657.254,2476.103
2015,2,1135.35,8.393,5.435911,0.532998,1629.953,2442.758,2280.281
2015,3,1088.7910000000002,8.806,6.076784,0.579274,1469.71,2531.318,1872.599
2015,4,948.043,14.233,5.867794,0.569372,1251.071,2459.453,1256.086
2015,5,996.42,13.355,5.848068,0.578595,1291.988,2578.974,1206.427
2015,6,1069.063,12.4,5.609792,0.564148,1362.124,2613.968,1380.458
2015,7,1158.416,17.774,5.968799,0.58394,1453.0,2692.947,1616.773
2015,8,1134.531,10.903,6.095498,0.572235,1435.311,2668.942,1576.894
2015,9,1036.7530000000002,11,5.882853,0.539599,1334.159,2507.926,1356.457
2015,10,992.9190000000001,13.903,5.956874,0.556624,1320.427,2494.429,1252.874
2015,11,973.6039999999999,9.3,5.655956,0.575262,1358.386,2431.026,1439.574
2015,12,1043.168,9.387,5.668523,0.607029,1456.154,2525.799,1817.95
2016,1,1153.709,7.387,5.596285,0.599191,1661.966,2615.212,2310.576
2016,2,1028.581,10.759,5.258343,0.581707,1442.589,2480.931,1891.452
2016,3,965.5840000000001,9.613,5.501415,0.626117,1321.501,2519.114,1476.593
2016,4,906.5169999999999,14.3,5.176586,0.589697,1230.259,2407.539,1240.294
2016,5,938.788,11.226,5.392831,0.609056,1260.405,2484.221,1177.816
2016,6,1050.247,12.1,5.332301,0.593674,1362.042,2518.608,1407.515
2016,7,1149.691,11.968,5.52842,0.604311,1461.488,2601.186,1682.165
2016,8,1165.202,14.032,5.621914,0.591345,1480.499,2690.364,1652.674
2016,9,1032.471,10.8,5.37973,0.562208,1331.706,2502.782,1369.003
2016,10,990.072,9.742,5.63643,0.584383,1297.706,2545.976,1221.008
2016,11,968.4110000000001,11.5,5.510725,0.586197,1332.259,2500.7,1366.785
2016,12,1163.2350000000001,9.613,5.507153,0.650925,1639.225,2639.713,2153.582
2017,1,1137.5430000000001,9.355,5.602335,0.627139,1610.697,2607.945,2221.188
2017,2,940.509,9.25,5.20272,0.580323,1333.718,2321.868,1620.437
2017,3,1028.7949999999998,10.161,5.688362,0.663921,1433.162,2591.161,1659.873
2017,4,911.7139999999999,10.667,5.42252,0.635132,1187.196,2447.991,1185.143
2017,5,971.2160000000001,11.645,5.656763,0.661288,1245.133,2558.072,1186.789
2017,6,1016.992,16.633,5.610876,0.642341,1304.376,2566.326,1330.092
2017,7,1121.072,12.645,5.739828,0.625553,1415.59,2666.217,1595.615
2017,8,1097.006,13.645,5.884513,0.612154,1388.173,2650.911,1492.618
2017,9,982.3510000000001,9.733,5.668222,0.583867,1275.009,2509.223,1262.63
2017,10,980.314,9.484,5.98552,0.614657,1296.114,2582.187,1233.935
2017,11,1012.1809999999999,10.667,5.95145,0.613796,1384.292,2623.251,1519.045
2017,12,1155.031,12.419,6.075391,0.63513,1650.472,2699.974,2181.715
2018,1,1221.018,9.516,5.988844,0.652428,1744.226,2725.692,2597.4
2018,2,979.6850000000002,7.071,5.608162,0.609384,1414.963,2417.221,1855.963
2018,3,1048.384,13.065,6.262895,0.668591,1475.825,2675.871,1786.551
2018,4,948.597,12.367,5.959792,0.656554,1286.691,2489.583,1420.593
2018,5,978.0120000000001,12.29,6.208032,0.680705,1273.197,2659.549,1227.639
2018,6,1027.0439999999999,14.467,6.104516,0.668774,1319.674,2620.859,1393.694
2018,7,1123.5190000000002,16.258,6.407404,0.64794,1430.367,2736.059,1628.017
2018,8,1132.3719999999998,14.774,6.69433,0.651954,1431.177,2817.69,1578.818
2018,9,1013.281,9.467,6.440064,0.60071,1297.777,2613.487,1351.89
2018,10,1020.212,16.226,6.736137,0.627968,1340.93,2718.994,1329.838
2018,11,1063.1109999999999,7.4,6.603507,0.6232,1466.299,2668.987,1747.051
2018,12,1121.09,12.29,6.784063,0.647491,1576.519,2661.452,2119.106
2019,1,1179.0739999999998,8.581,6.809837,0.644838,1704.99,2801.772,2411.364
2019,2,1019.0510000000002,8.821,6.128797,0.59317,1480.979,2439.356,2040.922
2019,3,1052.691,12.613,6.663441,0.657018,1475.588,2626.261,1872.632
2019,4,896.9639999999999,11.8,6.653202,0.665972,1199.901,2516.933,1234.841
2019,5,948.016,15,6.876943,0.689977,1247.625,2644.658,1222.468
2019,6,969.0649999999999,15.567,6.607264,0.661158,1246.411,2582.116,1300.528
2019,7,1087.095,17.097,6.785286,0.667002,1392.228,2718.871,1595.962
2019,8,1084.65,12.839,7.061902,0.647658,1388.373,2753.886,1552.367
2019,9,982.21,14.9,6.822604,0.613133,1268.565,2611.83,1347.715
2019,10,959.022,13.935,7.061891,0.633573,1261.102,2656.367,1263.873
2019,11,1016.826,12.4,6.884969,0.620685,1421.631,2659.096,1702.397
2019,12,1065.69,8.516,7.048726,0.650482,1534.749,2696.684,2044.803
2020,1,1050.175,11.903,7.089507,0.648215,1565.589,2715.714,2098.259
2020,2,972.245,7.621,6.466626,0.632039,1435.226,2559.484,1864.517
2020,3,905.552,11.452,6.825667,0.641447,1311.233,2618.152,1552.644
2020,4,722.1870000000001,6.433,6.3085,0.560486,1070.438,2216.687,1313.214
2020,5,757.777,13.516,5.811258,0.6181,1056.98,2322.099,1261.675
2020,6,847.665,11.467,5.946635,0.636973,1158.613,2370.655,1367.224
2020,7,1000.975,12.677,6.30832,0.632799,1322.279,2549.348,1672.623
2020,8,1002.5469999999999,11.161,6.319605,0.618428,1293.234,2613.855,1596.718
2020,9,881.811,12.2,6.181692,0.583405,1171.537,2468.375,1290.541
2020,10,884.116,11.742,6.220192,0.611837,1208.459,2581.354,1244.586
2020,11,878.395,11.133,6.25101,0.629861,1224.608,2583.385,1429.908
2020,12,1030.405,9.613,6.425653,0.640797,1489.291,2703.13,2120.375
2021,1,1057.1770000000001,11.484,6.49966,0.637522,1534.263,2708.514,2292.658
2021,2,997.881,5.429,5.3218,0.553037,1493.381,2257.868,2204.41
2021,3,934.4809999999999,9.161,6.60629,0.678149,1311.374,2520.504,1677.575
2021,4,862.2409999999999,15.067,6.367462,0.651301,1156.817,2540.879,1248.541
2021,5,893.897,9.194,6.629665,0.689586,1169.481,2635.075,1199.197
2021,6,985.3439999999999,16.933,6.43743,0.6569,1283.491,2646.751,1398.08
2021,7,1064.217,10.516,6.645813,0.651325,1360.999,2711.668,1576.782
2021,8,1077.41,15.355,6.678144,0.648963,1377.837,2759.7,1586.591
2021,9,942.8760000000001,14.3,6.445035,0.620842,1221.142,2581.757,1303.218
2021,10,923.9570000000001,11.645,6.795551,0.650243,1226.485,2658.343,1178.8
2021,11,944.7189999999999,10.333,6.685325,0.663731,1330.139,2639.474,1497.959
2021,12,1001.151,10.645,6.874919,0.70675,1431.945,2717.584,1856.08
2022,1,1122.0980000000002,7.323,6.695953,0.69895,1692.387,2742.304,2427.453
2022,2,984.7440000000001,13.321,6.134936,0.653133,1458.476,2426.304,2046.287
2022,3,967.7940000000001,14.452,6.932706,0.734568,1386.283,2628.123,1669.718
2022,4,870.8729999999999,10.533,6.654418,0.713813,1209.625,2482.274,1303.077
2022,5,905.996,8.903,6.90531,0.74434,1235.115,2557.431,1252.911
2022,6,957.7080000000001,16.533,6.739071,0.726919,1280.878,2600.283,1400.225
2022,7,1045.804,9.065,7.003791,0.714627,1404.928,2683.225,1649.056
2022,8,1048.348,18.258,7.119913,0.673879,1388.133,2690.425,1569.93
2022,9,927.799,11.4,6.995496,0.634083,1257.714,2544.115,1279.309
2022,10,902.044,11.677,7.183379,0.660593,1248.63,2585.247,1199.801
2022,11,944.165,13.067,6.94104,0.68718,1375.687,2586.617,1554.46
2022,12,1065.524,10.968,6.919036,0.681821,1620.631,2536.1,2191.933
2023,1,1013.619,5.774,7.207853,0.690149,1550.349,2579.442,2114.125
2023,2,898.1629999999999,10.5,6.501195,0.654171,1388.398,2338.515,1790.197
2023,3,966.777,12.323,7.336198,0.729386,1448.436,2587.546,1720.734
2023,4,838.935,9.433,6.990153,0.702736,1178.404,2482.265,1241.494
2023,5,863.4950000000001,13.935,7.26183,0.734906,1207.421,2573.862,1144.501
2023,6,919.778,14.367,7.046687,0.692392,1264.343,2557.68,1267.036
2023,7,1020.672,14.194,7.270578,0.709733,1412.514,2633.856,1599.503
2023,8,1043.139,15,7.408176,0.70747,1409.595,2718.806,1577.457
2023,9,916.078,7.167,7.20208,0.667035,1259.436,2569.142,1295.85
2023,10,908.3820000000001,16.548,7.382549,0.688001,1287.494,2626.227,1197.929
2023,11,939.125,9.8,7.241968,0.676317,1375.718,2645.528,1509.578
2023,12,991.4060000000001,8.581,7.405291,0.715059,1491.454,2646.48,1866.588
2024,1,1105.767,7.065,7.122941,0.681455,1705.667,2677.567,2400.358
2024,2,898.629,14.517,6.945488,0.696262,1406.319,2417.712,1770.889
2024,3,886.4630000000001,9.129,7.244121,0.768721,1345.648,2532.002,1504.642
2024,4,830.909,13.633,6.913207,0.748066,1190.624,2470.881,1202.866
2024,5,882.756,11.419,7.186572,0.759567,1230.221,2620.741,1180.419
2024,6,919.75,17.067,7.09957,0.755633,1300.027,2546.583,1394.341
2024,7,1028.0729999999999,16.419,7.336379,0.743381,1402.346,2673.405,1612.124
2024,8,1012.1469999999999,13.581,7.422045,0.749025,1402.254,2707.666,1546.251
2024,9,899.332,14.3,7.128975,0.693182,1262.986,2570.478,1258.525
2024,10,897.9,12.323,7.395717,0.731771,1271.732,2660.054,1177.639
2024,11,893.3229999999999,11.633,7.110647,0.7262,1346.328,2585.118,1395.523
2024,12,1029.953,6.871,7.43796,0.734326,1580.004,2686.157,2031.516
2025,1,1167.191,8.129,7.327276,0.740168,1824.53,2797.238,2601.68
2025,2,972.286,13.071,6.634129,0.683549,1537.935,2414.873,2048.758
